1	Cheng Lab, Penn State University
2	Haresh Mani MD, Penn State University
3	Dept of Comparative Medicine, Penn State University
4	Dept of Pathology, Penn State Hershey Medical Center
5	Fred R Dee MD, Dept of Pathology, University of Iowa
6	Paul Heidger PhD, Dept of Anatomy &amp; Cell Biology, University of Iowa
7	Pathology Learning Center, University of Iowa
8	Frank Mitros MD, Dept of Pathology, University of Iowa
9	James Goeken MD, University of Iowa Pathology
10	Jo Benda MD, Dept of Pathology, University of Iowa
11	AACR Workshop
12	Riccardo Valdez MD, Mayo Clinic Arizona
13	J Weydert MD, Dept of Pathology, University of Iowa
14	Mary S Stone MD, Dept of Pathology, University of Iowa
15	Albert A. Lamperti PhD, Dept of Anatomy, Temple University
16	James Dixon PhD, USC Dept of Pathology
17	Katharina Glatz-Krieger MD, Institut fuer Pathologie, Universitas Basiliensis, Switzerland
18	Shawn Cowper MD, Yale University, Dermatopathology
19	Sheila Scoville PhD, Dept of Pathology &amp; Anatomy, Eastern Virginia Medical School
20	Mary Anderson PhD, Dept of Anatomy, Tulane Medical School
21	James Fishback MD, Dept of Pathology, Kansas University
22	Robert Klein PhD, Dept of Anatomy &amp; Cell Biology, University of Kansas
23	Carol Lomneth PhD, Dept of Anatomy &amp; Cell Biology University of Nebraska
24	Amber Donnelly MPH SCT, Dept of Pathology, University of Nebraska
25	Philip Conran DVM PhD, Dept of Pathology, Medical College of Ohio Toledo
26	Mike Finkelstein DDS MS, Dept of Oral Pathology, University of Iowa
27	Michael Cohen, MD, Dept of Pathology, University of Iowa
28	Robert Ogilvie PhD, Dept of Cell Biology and Anatomy, Medical University of South Carolina
29	Erin Presnell MD, Dept of Pathology and Laboratory Medicine, Medical University of South Carolina
30	Peter Anderson DVM PhD, Dept of Pathology, University of Alabama Birmingham
31	Nancy Rosenthal MD, Dept of Pathology, University of Iowa
32	Morris Dailey MD, Pathology University of Iowa
33	Steve Moore MD PhD, Dept of Pathology, University of Iowa
34	Rakesh Kumar MD, Dept of Pathology, University of New South Wales
35	Donald King PhD, Dept of Biology, Wartburg College
36	<a href="http://foodscience.psu.edu/directory/jdl134">Josh Lambert, PhD</a>, Food Science, Penn State
37	Registry of Tumors in Lower Animals, George Washington UMC
38	Jerry Hendricks PhD, Dept of Environmental and Molecular Toxicology, Oregon State University
39	Jan Spitsbergen, Dept of Microbiology, Oregon State University
40	Mutant Mouse Necropsy and Pathology Workshop 2012, The Jackson Laboratory, Bar Harbor ME
41	Wes Baumgartner DVM PhD, Dept of Pathobiology &amp; Population Medicine, Mississippi State University
